ip_address,error_count
10.0.0.45,1024
10.0.0.12,303
10.0.0.88,164
10.0.0.10,123
10.0.0.99,101
192.168.1.5,81
10.0.0.32,49
10.0.0.17,48
10.0.0.49,48
10.0.0.8,48
10.0.0.41,47
10.0.0.24,47
10.0.0.33,46
10.0.0.20,45
10.0.0.6,44
10.0.0.15,44
10.0.0.19,44
10.0.0.29,43
10.0.0.50,43
10.0.0.44,43
10.0.0.16,42
10.0.0.48,42
10.0.0.23,42
10.0.0.37,41
10.0.0.28,41
10.0.0.47,41
10.0.0.36,41
10.0.0.35,41
10.0.0.7,41
10.0.0.5,40
10.0.0.30,39
10.0.0.1,39
10.0.0.38,38
10.0.0.3,38
10.0.0.4,38
10.0.0.13,38
10.0.0.39,38
10.0.0.25,38
10.0.0.9,37
10.0.0.11,37
10.0.0.31,37
10.0.0.21,35
10.0.0.14,35
10.0.0.43,34
10.0.0.27,34
10.0.0.34,34
10.0.0.22,33
10.0.0.40,33
10.0.0.46,32
10.0.0.26,31
10.0.0.2,31
10.0.0.42,28
10.0.0.18,27
192.168.1.125,8
192.168.1.219,7
192.168.1.246,7
192.168.1.88,7
192.168.1.240,6
192.168.1.124,6
192.168.1.96,6
192.168.1.186,6
192.168.1.13,6
192.168.1.32,6
192.168.1.162,6
192.168.1.42,5
192.168.1.14,5
192.168.1.254,5
192.168.1.228,5
192.168.1.164,5
192.168.1.65,5
192.168.1.151,5
192.168.1.57,5
192.168.1.90,5
192.168.1.181,5
192.168.1.20,5
192.168.1.211,5
192.168.1.212,5
192.168.1.215,5
192.168.1.93,4
192.168.1.235,4
192.168.1.230,4
192.168.1.248,4
192.168.1.21,4
192.168.1.43,4
192.168.1.177,4
192.168.1.31,4
192.168.1.142,4
192.168.1.150,4
192.168.1.55,4
192.168.1.54,4
192.168.1.138,4
192.168.1.100,4
192.168.1.187,4
192.168.1.224,4
192.168.1.157,4
192.168.1.131,4
192.168.1.72,4
192.168.1.234,4
192.168.1.60,4
192.168.1.143,4
192.168.1.139,4
192.168.1.203,4
192.168.1.80,4
192.168.1.172,4
192.168.1.247,4
192.168.1.129,4
192.168.1.35,4
192.168.1.132,4
192.168.1.119,4
192.168.1.74,4
192.168.1.33,4
192.168.1.173,4
192.168.1.176,3
192.168.1.10,3
192.168.1.117,3
192.168.1.82,3
192.168.1.225,3
192.168.1.220,3
192.168.1.115,3
192.168.1.2,3
192.168.1.244,3
192.168.1.91,3
192.168.1.89,3
192.168.1.182,3
192.168.1.116,3
192.168.1.192,3
192.168.1.214,3
192.168.1.209,3
192.168.1.144,3
192.168.1.8,3
192.168.1.81,3
192.168.1.103,3
192.168.1.1,3
192.168.1.205,3
192.168.1.27,3
192.168.1.17,3
192.168.1.253,3
192.168.1.156,3
192.168.1.233,3
192.168.1.122,3
192.168.1.59,3
192.168.1.3,3
192.168.1.196,3
192.168.1.113,3
192.168.1.197,3
192.168.1.87,3
192.168.1.206,3
192.168.1.174,3
192.168.1.78,3
192.168.1.114,3
192.168.1.221,3
192.168.1.193,3
192.168.1.223,3
192.168.1.128,3
192.168.1.242,3
192.168.1.127,3
192.168.1.49,3
192.168.1.23,3
192.168.1.175,3
192.168.1.106,3
192.168.1.26,3
192.168.1.101,3
192.168.1.50,3
192.168.1.231,3
192.168.1.198,3
192.168.1.71,3
192.168.1.7,3
192.168.1.97,3
192.168.1.123,3
192.168.1.146,3
192.168.1.41,3
192.168.1.153,2
192.168.1.170,2
192.168.1.46,2
192.168.1.15,2
192.168.1.195,2
192.168.1.75,2
192.168.1.64,2
192.168.1.134,2
192.168.1.69,2
192.168.1.152,2
192.168.1.30,2
192.168.1.159,2
192.168.1.184,2
192.168.1.201,2
192.168.1.24,2
192.168.1.160,2
192.168.1.45,2
192.168.1.200,2
192.168.1.185,2
192.168.1.245,2
192.168.1.218,2
192.168.1.251,2
192.168.1.94,2
192.168.1.155,2
192.168.1.98,2
192.168.1.208,2
192.168.1.229,2
192.168.1.168,2
192.168.1.53,2
192.168.1.76,2
192.168.1.222,2
192.168.1.141,2
192.168.1.105,2
192.168.1.217,2
192.168.1.11,2
192.168.1.145,2
192.168.1.48,2
192.168.1.227,2
192.168.1.167,2
192.168.1.252,2
192.168.1.70,2
192.168.1.16,2
192.168.1.241,2
192.168.1.250,2
192.168.1.180,2
192.168.1.39,2
192.168.1.189,2
192.168.1.12,2
192.168.1.112,2
192.168.1.85,2
192.168.1.202,2
192.168.1.255,1
192.168.1.161,1
192.168.1.232,1
192.168.1.99,1
192.168.1.34,1
192.168.1.190,1
192.168.1.179,1
192.168.1.169,1
192.168.1.163,1
192.168.1.25,1
192.168.1.22,1
192.168.1.104,1
192.168.1.6,1
192.168.1.95,1
192.168.1.147,1
192.168.1.120,1
192.168.1.108,1
192.168.1.199,1
192.168.1.44,1
192.168.1.140,1
192.168.1.154,1
192.168.1.61,1
192.168.1.58,1
192.168.1.121,1
192.168.1.207,1
192.168.1.36,1
192.168.1.243,1
192.168.1.68,1
192.168.1.84,1
192.168.1.102,1
192.168.1.118,1
192.168.1.62,1
192.168.1.51,1
192.168.1.73,1
192.168.1.237,1
192.168.1.77,1
192.168.1.47,1
192.168.1.171,1
192.168.1.67,1
192.168.1.9,1
192.168.1.107,1
192.168.1.111,1
192.168.1.158,1
192.168.1.63,1
192.168.1.4,1
192.168.1.83,1
192.168.1.249,1
192.168.1.40,1
192.168.1.86,1
192.168.1.238,1
192.168.1.226,1
192.168.1.79,1
192.168.1.56,1
192.168.1.165,1
192.168.1.166,1
192.168.1.110,1
192.168.1.135,1
192.168.1.204,1
